variable,mean,std
gamma_power,-0.08838363341651824,0.17046515063085038
HEP_amplitude,5.044609174099848,1.9073379323662074
pupil_diameter,4.032448126550224,0.5421414411937955
P3b_amplitude,8.320520362091914,2.6523042492271194
N200_amplitude,-6.140011176275864,2.6593258047472363
alpha_power,-0.26635662467667826,0.16843607824259593
vmPFC_connectivity,0.1400844613426402,0.3702346585843827
SCR,-0.3367842588802146,0.29703405175719455
heart_rate,81.69867490872481,12.431122614615763
