size,time
1000,5.08397351950407e-06
5000,3.125052899122238e-06
10000,3.416964318603277e-06
50000,2.2919848561286926e-06
