size,time
1000,1.8000020645558834e-05
5000,5.917012458667159e-06
10000,2.70901364274323e-06
50000,5.207984941080213e-06
